ID,First Name,Last Name,Gender,Email,Salary,,
1,Ahmed,Ali,Male,ahmed.ali@yahoo.com,60000,,
2,Fatma,Hassan,Female,fatma.hassan@gmail.com,65000,,
3,Mohamed,Mahmoud,Male,mohamed.mahmoud@outlook.com,70000,,
4,Aya,Mohamed,Female,aya.mohamed@icloud.com,62000,,
5,Mahmoud,Kamal,Male,mahmoud.kamal@yahoo.com,68000,,
6,Salma,Ahmed,Female,salma.ahmed@gmail.com,67000,,
7,Ali,Samir,Male,ali.samir@outlook.com,72000,,
8,Nada,Mahmoud,Female,nada.mahmoud@icloud.com,64000,,
9,Tarek,Ahmed,Male,tarek.ahmed@yahoo.com,69000,,
10,Yasmin,Adel,Female,yasmin.adel@gmail.com,66000,,
11,Mohamed,Ali,Male,mohamed.ali@yahoo.com,61000,,
12,Amira,Ibrahim,Female,amira.ibrahim@gmail.com,64000,,
13,Mahmoud,Adel,Male,mahmoud.adel@outlook.com,72000,,
14,Nour,Mohamed,Female,nour.mohamed@icloud.com,63000,,
15,Ahmed,Samir,Male,ahmed.samir@yahoo.com,67000,,
16,Salma,Hassan,Female,salma.hassan@gmail.com,68000,,
17,Ali,Mahmoud,Male,ali.mahmoud@outlook.com,73000,,
18,Mona,Ahmed,Female,mona.ahmed@icloud.com,65000,,
19,Mahmoud,Ali,Male,mahmoud.ali@yahoo.com,70000,,
20,Sara,Mohamed,Female,sara.mohamed@gmail.com,67000,,
21,Mohamed,Samir,Male,mohamed.samir@outlook.com,75000,,
22,Samar,Hassan,Female,samar.hassan@icloud.com,66000,,
23,Ahmed,Mahmoud,Male,ahmed.mahmoud@yahoo.com,71000,,
24,Nour,Ali,Female,nour.ali@gmail.com,69000,,
25,Mahmoud,Mohamed,Male,mahmoud.mohamed@outlook.com,77000,,
26,Yasmin,Hassan,Female,yasmin.hassan@icloud.com,68000,,
27,Ali,Ahmed,Male,ali.ahmed@yahoo.com,72000,,
28,Salma,Mahmoud,Female,salma.mahmoud@gmail.com,70000,,
29,Mohamed,Ali,Male,mohamed.ali@outlook.com,79000,,
30,Amira,Hassan,Female,amira.hassan@icloud.com,69000,,
31,Mahmoud,Ahmed,Male,mahmoud.ahmed@yahoo.com,73000,,
32,Nour,Mohamed,Female,nour.mohamed@gmail.com,71000,,
33,Ahmed,Samir,Male,ahmed.samir@outlook.com,80000,,
34,Salma,Mahmoud,Female,salma.mahmoud@icloud.com,71000,,
35,Ali,Ahmed,Male,ali.ahmed@yahoo.com,74000,,
36,Mona,Mohamed,Female,mona.mohamed@gmail.com,72000,,
37,Mahmoud,Samir,Male,mahmoud.samir@outlook.com,81000,,
38,Sara,Hassan,Female,sara.hassan@icloud.com,72000,,
39,Mohamed,Ali,Male,mohamed.ali@yahoo.com,75000,,
40,Samar,Mahmoud,Female,samar.mahmoud@gmail.com,73000,,
41,Ahmed,Samir,Male,ahmed.samir@yahoo.com,78000,,
42,Salma,Mohamed,Female,salma.mohamed@gmail.com,74000,,
43,Ali,Ahmed,Male,ali.ahmed@outlook.com,79000,,
44,Mona,Hassan,Female,mona.hassan@icloud.com,75000,,
45,Mahmoud,Ali,Male,mahmoud.ali@yahoo.com,80000,,
46,Yasmin,Mohamed,Female,yasmin.mohamed@gmail.com,76000,,
47,Ahmed,Hassan,Male,ahmed.hassan@outlook.com,81000,,
48,Salma,Mahmoud,Female,salma.mahmoud@icloud.com,77000,,
49,Ali,Samir,Male,ali.samir@yahoo.com,82000,,
50,Nada,Ahmed,Female,nada.ahmed@gmail.com,78000,,
51,John,Smith,Male,john.smith@yahoo.com,70000,,
52,Emily,Johnson,Female,emily.johnson@gmail.com,75000,,
53,Michael,Williams,Male,michael.williams@outlook.com,80000,,
54,Sarah,Jones,Female,sarah.jones@icloud.com,72000,,
55,Christopher,Brown,Male,christopher.brown@yahoo.com,78000,,
56,Jessica,Davis,Female,jessica.davis@gmail.com,76000,,
57,David,Miller,Male,david.miller@outlook.com,81000,,
58,Ashley,Wilson,Female,ashley.wilson@icloud.com,73000,,
59,James,Moore,Male,james.moore@yahoo.com,79000,,
60,Amanda,Taylor,Female,amanda.taylor@gmail.com,77000,,
61,Daniel,Martinez,Male,daniel.martinez@outlook.com,82000,,
62,Jennifer,Anderson,Female,jennifer.anderson@yahoo.com,78000,,
63,William,Taylor,Male,william.taylor@gmail.com,84000,,
64,Elizabeth,Thomas,Female,elizabeth.thomas@icloud.com,75000,,
65,Alexander,Jackson,Male,alexander.jackson@yahoo.com,86000,,
66,Mary,White,Female,mary.white@gmail.com,79000,,
67,Charles,Harris,Male,charles.harris@outlook.com,88000,,
68,Patricia,Lewis,Female,patricia.lewis@yahoo.com,80000,,
69,Thomas,Walker,Male,thomas.walker@gmail.com,90000,,
70,Jessica,Hall,Female,jessica.hall@icloud.com,81000,,
71,Karen,Young,Female,karen.young@yahoo.com,92000,,
72,Mark,Allen,Male,mark.allen@gmail.com,83000,,
73,Susan,King,Female,susan.king@outlook.com,94000,,
74,Matthew,Wright,Male,matthew.wright@yahoo.com,86000,,
75,Lisa,Scott,Female,lisa.scott@icloud.com,96000,,
76,Steven,Roberts,Male,steven.roberts@gmail.com,88000,,
77,Kimberly,Green,Female,kimberly.green@yahoo.com,98000,,
78,Joseph,Adams,Male,joseph.adams@outlook.com,90000,,
79,Amanda,Baker,Female,amanda.baker@icloud.com,100000,,
80,Daniel,Nelson,Male,daniel.nelson@yahoo.com,92000,,
81,Laura,Carter,Female,laura.carter@gmail.com,102000,,
82,Christopher,Perez,Male,christopher.perez@outlook.com,94000,,
83,Ashley,Mitchell,Female,ashley.mitchell@icloud.com,104000,,
84,Matthew,Perez,Male,matthew.perez@yahoo.com,96000,,
85,Jennifer,Roberts,Female,jennifer.roberts@gmail.com,106000,,
86,Joshua,Turner,Male,joshua.turner@outlook.com,98000,,
87,Amanda,Phillips,Female,amanda.phillips@yahoo.com,108000,,
88,Ryan,Campbell,Male,ryan.campbell@gmail.com,100000,,
89,Megan,Evans,Female,megan.evans@icloud.com,110000,,
90,Nathan,Scott,Male,nathan.scott@yahoo.com,102000,,
91,Kimberly,Morris,Female,kimberly.morris@gmail.com,112000,,
92,Andrew,Sanchez,Male,andrew.sanchez@outlook.com,104000,,
93,Jessica,Cook,Female,jessica.cook@icloud.com,114000,,
94,Justin,Brooks,Male,justin.brooks@yahoo.com,106000,,
95,Lauren,Kelly,Female,lauren.kelly@gmail.com,116000,,
96,Adam,Sanders,Male,adam.sanders@outlook.com,108000,,
97,Megan,Murphy,Female,megan.murphy@icloud.com,118000,,
98,Kyle,Rivera,Male,kyle.rivera@yahoo.com,110000,,
99,Rachel,Ward,Female,rachel.ward@gmail.com,120000,,
100,Benjamin,Wood,Male,benjamin.wood@outlook.com,112000,,
101,Pedro,Silva,Male,pedro.silva@yahoo.com,70000,,
102,Ana,Santos,Female,ana.santos@gmail.com,75000,,
103,Lucas,Oliveira,Male,lucas.oliveira@outlook.com,80000,,
104,Isabela,Costa,Female,isabela.costa@icloud.com,72000,,
105,Gabriel,Pereira,Male,gabriel.pereira@yahoo.com,78000,,
106,Julia,Martins,Female,julia.martins@gmail.com,76000,,
107,Rafael,Lima,Male,rafael.lima@outlook.com,81000,,
108,Mariana,Pereira,Female,mariana.pereira@icloud.com,73000,,
109,Thiago,Almeida,Male,thiago.almeida@yahoo.com,79000,,
110,Larissa,Rodrigues,Female,larissa.rodrigues@gmail.com,77000,,
111,Bruno,Carvalho,Male,bruno.carvalho@outlook.com,82000,,
112,Camila,Gomes,Female,camila.gomes@yahoo.com,78000,,
113,Leonardo,Martins,Male,leonardo.martins@gmail.com,84000,,
114,Juliana,Costa,Female,juliana.costa@icloud.com,75000,,
115,Gustavo,Oliveira,Male,gustavo.oliveira@yahoo.com,86000,,
116,Aline,Souza,Female,aline.souza@gmail.com,79000,,
117,Marcos,Silva,Male,marcos.silva@outlook.com,88000,,
118,Luana,Santos,Female,,80000,,
119,Rafaela,Lima,Female,rafaela.lima@icloud.com,90000,,
120,Eduardo,Pereira,Male,eduardo.pereira@gmail.com,81000,,
121,Ivan,Petrov,Male,ivan.petrov@yahoo.com,70000,,
122,Olga,Ivanova,Female,olga.ivanova@gmail.com,75000,,
123,Dmitry,Smirnov,Male,dmitry.smirnov@outlook.com,80000,,
124,Natalia,Sokolova,Female,natalia.sokolova@icloud.com,72000,,
125,Mikhail,Ivanov,Male,mikhail.ivanov@yahoo.com,78000,,
126,Anna,Kuznetsova,Female,anna.kuznetsova@gmail.com,76000,,
127,Sergey,Popov,Male,sergey.popov@outlook.com,81000,,
128,Ekaterina,Morozova,Female,ekaterina.morozova@icloud.com,73000,,
129,Alexander,Vorobev,Male,alexander.vorobev@yahoo.com,79000,,
